customerID,gender,SeniorCitizen,Partner,Dependents,tenure,PhoneService,MultipleLines,InternetService,OnlineSecurity,OnlineBackup,DeviceProtection,TechSupport,StreamingTV,StreamingMovies,Contract,PaperlessBilling,PaymentMethod,MonthlyCharges,TotalCharges,Churn
5143-EGQFK,Female,1,No,No,10,No,No phone service,DSL,No,No,No,Yes,No,No,Month-to-month,Yes,Electronic check,29.65,291.4,Yes
8851-RAGOV,Female,0,Yes,No,25,Yes,No,DSL,Yes,Yes,No,Yes,No,Yes,Month-to-month,Yes,Mailed check,71.05,1837.7,No
2027-FECZV,Male,0,No,No,12,Yes,Yes,Fiber optic,No,Yes,Yes,No,Yes,Yes,Month-to-month,Yes,Electronic check,106.7,1253.9,Yes
8878-HMWBV,Male,0,No,No,3,Yes,No,DSL,No,No,Yes,No,No,No,Month-to-month,Yes,Electronic check,49.15,169.05,Yes
0970-QXPXW,Female,0,No,No,1,Yes,No,No,No internet service,No internet service,No internet service,No internet service,No internet service,No internet service,Month-to-month,No,Mailed check,19.65,19.65,No
2642-MAWLJ,Female,0,Yes,Yes,36,Yes,No,No,No internet service,No internet service,No internet service,No internet service,No internet service,No internet service,Two year,No,Bank transfer (automatic),20.25,717.95,No
3217-FZDMN,Female,1,No,No,8,Yes,No,Fiber optic,No,No,Yes,No,Yes,Yes,Month-to-month,Yes,Credit card (automatic),94.45,742.95,Yes
2834-SPCJV,Male,0,Yes,No,52,Yes,No,Fiber optic,Yes,No,No,No,Yes,No,Month-to-month,No,Electronic check,84.1,4348.65,Yes
2856-HYAPG,Female,0,No,No,1,Yes,No,Fiber optic,No,No,No,No,No,No,Month-to-month,No,Electronic check,68.65,68.65,Yes
2144-BFDSO,Female,1,Yes,No,50,Yes,Yes,Fiber optic,Yes,Yes,Yes,No,Yes,Yes,Month-to-month,No,Bank transfer (automatic),108.75,5431.9,No
8671-KKKOS,Female,0,Yes,No,46,No,No phone service,DSL,Yes,Yes,No,No,Yes,No,Month-to-month,No,Electronic check,45.55,2062.15,No
5825-XJOCM,Male,0,No,Yes,48,Yes,Yes,DSL,Yes,Yes,Yes,No,No,No,One year,Yes,Bank transfer (automatic),64.4,3035.35,No
5666-CYCYZ,Female,0,No,No,24,Yes,Yes,Fiber optic,No,No,No,Yes,No,Yes,Month-to-month,Yes,Electronic check,89.55,2259.35,No
8879-ZKJOF,Female,0,No,No,41,Yes,No,DSL,Yes,No,Yes,Yes,Yes,Yes,One year,Yes,Bank transfer (automatic),79.85,3320.75,No
5394-SVGJV,Male,0,No,No,37,Yes,Yes,Fiber optic,No,No,No,Yes,Yes,Yes,Month-to-month,No,Bank transfer (automatic),98.8,3475.55,Yes
5813-UECBU,Male,1,No,No,33,Yes,Yes,Fiber optic,No,Yes,Yes,No,No,No,Month-to-month,Yes,Credit card (automatic),83.85,2716.3,Yes
3373-YZZYM,Male,0,Yes,Yes,1,Yes,No,No,No internet service,No internet service,No internet service,No internet service,No internet service,No internet service,Month-to-month,No,Mailed check,19.2,19.2,No
2057-BOYKM,Female,1,Yes,No,72,Yes,Yes,Fiber optic,Yes,Yes,Yes,Yes,No,No,Two year,Yes,Bank transfer (automatic),96.6,6827.5,No
6447-GORXK,Male,0,No,Yes,31,No,No phone service,DSL,No,No,No,No,No,No,Month-to-month,No,Credit card (automatic),25,789.2,No
3301-VKTGC,Male,0,Yes,Yes,68,Yes,Yes,Fiber optic,Yes,Yes,No,No,No,No,One year,Yes,Bank transfer (automatic),85.5,5696.6,No
1624-NALOJ,Male,1,No,No,5,Yes,Yes,Fiber optic,No,Yes,No,No,No,Yes,Month-to-month,Yes,Electronic check,89.8,502.6,Yes
6907-NZZIJ,Female,0,No,No,36,Yes,Yes,Fiber optic,No,Yes,No,No,Yes,Yes,Month-to-month,Yes,Electronic check,99.15,3615.6,Yes
6837-HAEVO,Male,0,Yes,Yes,69,Yes,Yes,Fiber optic,No,Yes,Yes,No,Yes,Yes,Two year,Yes,Electronic check,105,7297.75,No
4955-VCWBI,Female,0,Yes,Yes,43,Yes,No,No,No internet service,No internet service,No internet service,No internet service,No internet service,No internet service,One year,No,Mailed check,20,817.95,No
2346-DJQTB,Female,0,No,No,35,No,No phone service,DSL,No,No,No,No,No,No,Month-to-month,No,Electronic check,24.15,812.5,No
0384-RVBPI,Male,0,No,No,20,Yes,No,DSL,Yes,No,Yes,No,No,Yes,Month-to-month,No,Credit card (automatic),64.4,1398.6,No
5144-TVGLP,Male,1,No,No,38,Yes,Yes,Fiber optic,No,No,No,No,Yes,Yes,Month-to-month,No,Electronic check,94.75,3653,No
3027-YNWZU,Female,0,Yes,No,64,Yes,Yes,No,No internet service,No internet service,No internet service,No internet service,No internet service,No internet service,Two year,No,Credit card (automatic),25,1584.8,No
2616-FLVQC,Male,0,No,No,64,Yes,No,No,No internet service,No internet service,No internet service,No internet service,No internet service,No internet service,Two year,No,Mailed check,19.55,1240.15,No
5213-TWWJU,Male,0,No,No,28,Yes,No,Fiber optic,No,No,Yes,Yes,No,Yes,Month-to-month,No,Electronic check,91,2626.15,No
8847-GEOOQ,Male,0,Yes,No,60,No,No phone service,DSL,No,Yes,Yes,Yes,Yes,Yes,Month-to-month,Yes,Bank transfer (automatic),60.2,3582.4,No
4847-TAJYI,Female,1,No,No,6,Yes,No,Fiber optic,No,No,No,No,Yes,Yes,Month-to-month,Yes,Electronic check,89.35,567.8,No
0946-FKYTX,Male,0,No,No,52,No,No phone service,DSL,No,Yes,No,No,No,No,One year,No,Mailed check,30.1,1623.4,No
2834-JRTUA,Male,0,No,No,71,Yes,Yes,Fiber optic,Yes,No,Yes,Yes,Yes,Yes,Two year,Yes,Electronic check,108.05,7532.15,Yes
5982-FPVQN,Female,0,Yes,Yes,37,Yes,Yes,Fiber optic,No,Yes,Yes,No,No,Yes,Month-to-month,Yes,Electronic check,95.15,3532.85,No
7176-WIONM,Female,0,Yes,No,12,No,No phone service,DSL,No,No,Yes,No,Yes,Yes,Month-to-month,Yes,Bank transfer (automatic),49.85,617.15,No
8118-TJAFG,Male,0,Yes,Yes,9,Yes,No,Fiber optic,No,Yes,No,Yes,Yes,Yes,Month-to-month,Yes,Electronic check,101.5,906.85,No
4707-MAXGU,Male,0,Yes,No,72,Yes,Yes,No,No internet service,No internet service,No internet service,No internet service,No internet service,No internet service,Two year,No,Credit card (automatic),25.85,1872.2,No
9386-LDCZR,Male,0,No,No,43,Yes,No,Fiber optic,Yes,Yes,Yes,Yes,No,No,One year,Yes,Credit card (automatic),90.65,3882.3,No
9391-YZEJW,Female,0,No,No,62,Yes,Yes,Fiber optic,No,No,No,No,Yes,Yes,One year,Yes,Bank transfer (automatic),94,5757.2,No
4940-KHCWD,Female,0,Yes,No,60,No,No phone service,DSL,Yes,Yes,No,Yes,No,No,Two year,No,Bank transfer (automatic),37.7,2288.7,No
5868-CZJDR,Male,0,No,Yes,1,No,No phone service,DSL,No,Yes,No,No,No,No,Month-to-month,Yes,Mailed check,31.35,31.35,Yes
2506-CLAKW,Female,0,No,No,6,Yes,No,Fiber optic,Yes,Yes,Yes,Yes,No,Yes,Month-to-month,Yes,Bank transfer (automatic),98.15,567.45,Yes
6171-ZTVYB,Male,0,Yes,No,43,Yes,Yes,DSL,Yes,Yes,No,Yes,No,No,Month-to-month,No,Bank transfer (automatic),66.25,2907.35,No
1567-DSCIC,Male,0,No,No,8,Yes,Yes,Fiber optic,No,Yes,Yes,No,Yes,No,Month-to-month,Yes,Electronic check,94,773.65,Yes
2193-SFWQW,Male,0,Yes,Yes,72,Yes,No,Fiber optic,Yes,Yes,Yes,Yes,Yes,Yes,Two year,No,Bank transfer (automatic),111.95,8033.1,No
8361-LBRDI,Female,0,No,No,58,Yes,Yes,No,No internet service,No internet service,No internet service,No internet service,No internet service,No internet service,Two year,No,Credit card (automatic),24.35,1423.85,No
0134-XWXCE,Female,1,No,No,44,Yes,No,DSL,No,No,Yes,Yes,Yes,Yes,One year,No,Bank transfer (automatic),74.85,3268.05,No
3884-HCSWG,Female,0,No,No,17,Yes,No,Fiber optic,No,No,No,No,No,No,Month-to-month,Yes,Electronic check,70,1144.5,Yes
3727-JEZTU,Female,0,No,No,1,Yes,No,No,No internet service,No internet service,No internet service,No internet service,No internet service,No internet service,Month-to-month,No,Mailed check,20.4,20.4,No
0667-NSRGI,Female,0,Yes,No,48,Yes,Yes,DSL,No,No,Yes,Yes,No,Yes,One year,Yes,Mailed check,69.55,3435.6,No
9968-FFVVH,Male,0,No,No,63,Yes,Yes,DSL,Yes,Yes,Yes,Yes,No,No,One year,No,Bank transfer (automatic),68.8,4111.35,No
2346-CZYIL,Male,0,No,No,27,Yes,No,No,No internet service,No internet service,No internet service,No internet service,No internet service,No internet service,Two year,No,Credit card (automatic),20.35,531.6,No
2344-JMOGN,Male,0,Yes,No,9,Yes,No,Fiber optic,No,Yes,Yes,Yes,Yes,No,Month-to-month,Yes,Mailed check,94.85,890.6,Yes
9894-EZEWG,Female,0,No,No,1,Yes,No,Fiber optic,No,Yes,No,No,No,No,Month-to-month,Yes,Credit card (automatic),74.3,74.3,Yes
6693-FRIRW,Male,0,No,No,18,Yes,No,Fiber optic,No,Yes,Yes,No,Yes,Yes,Month-to-month,No,Credit card (automatic),101.3,1794.65,No
3376-BMGFE,Female,0,No,No,4,Yes,No,Fiber optic,No,No,No,No,No,No,Month-to-month,Yes,Bank transfer (automatic),70.9,273,Yes
5889-LFOLL,Female,0,No,No,13,Yes,Yes,Fiber optic,No,No,No,No,No,Yes,Month-to-month,Yes,Electronic check,84.6,1115.2,Yes
6810-VCAEX,Female,0,No,No,47,No,No phone service,DSL,Yes,Yes,No,Yes,No,No,One year,No,Credit card (automatic),39.65,1798.65,No
5288-AHOUP,Male,1,No,No,11,Yes,No,Fiber optic,No,No,No,No,No,Yes,Month-to-month,Yes,Electronic check,78.5,874.2,No
6103-QCKFX,Female,0,Yes,Yes,44,Yes,No,DSL,Yes,No,No,Yes,No,No,Month-to-month,No,Bank transfer (automatic),56.25,2419.55,No
6122-LJADA,Male,0,Yes,Yes,70,Yes,Yes,DSL,Yes,Yes,Yes,Yes,Yes,Yes,Two year,Yes,Credit card (automatic),90.15,6237.05,No
0689-NKYLF,Male,0,No,No,13,Yes,No,Fiber optic,No,No,Yes,No,Yes,No,Month-to-month,Yes,Electronic check,83.2,1060.6,Yes
6967-PEJLL,Male,0,Yes,Yes,37,No,No phone service,DSL,Yes,No,Yes,Yes,No,No,One year,Yes,Electronic check,40.2,1525.35,No
1699-TLDLZ,Female,0,Yes,Yes,16,Yes,No,No,No internet service,No internet service,No internet service,No internet service,No internet service,No internet service,Two year,No,Mailed check,19.7,301.55,No
3649-JPUGY,Male,0,No,No,72,Yes,Yes,DSL,No,Yes,Yes,Yes,Yes,Yes,Two year,Yes,Bank transfer (automatic),88.6,6201.95,No
3976-BWUCK,Female,0,Yes,No,30,Yes,Yes,Fiber optic,No,Yes,No,Yes,Yes,No,Month-to-month,Yes,Credit card (automatic),94.1,2804.45,Yes
9830-ECLEN,Male,0,Yes,Yes,58,No,No phone service,DSL,Yes,Yes,Yes,No,Yes,No,One year,No,Mailed check,50,2919.85,No
5934-TSSAU,Female,0,Yes,Yes,23,Yes,No,Fiber optic,No,No,Yes,No,No,No,Month-to-month,Yes,Credit card (automatic),75.3,1702.9,No
4194-FJARJ,Female,0,Yes,Yes,54,Yes,Yes,DSL,Yes,No,No,Yes,No,No,Two year,No,Bank transfer (automatic),60,3273.95,No
9114-AAFQH,Female,0,Yes,No,48,Yes,No,DSL,No,Yes,Yes,No,No,Yes,One year,Yes,Electronic check,65.65,3094.65,No
5495-GPSRW,Male,0,No,No,20,Yes,No,No,No internet service,No internet service,No internet service,No internet service,No internet service,No internet service,Two year,Yes,Mailed check,19.7,419.4,No
6513-EECDB,Male,1,Yes,No,1,Yes,Yes,Fiber optic,No,No,No,No,No,No,Month-to-month,Yes,Electronic check,73.55,73.55,Yes
6635-MYYYZ,Female,0,No,No,30,Yes,No,DSL,Yes,Yes,Yes,Yes,Yes,Yes,One year,No,Bank transfer (automatic),85.35,2530.4,Yes
6979-ZNSFF,Female,0,No,No,8,Yes,Yes,Fiber optic,No,No,No,No,Yes,No,Month-to-month,Yes,Electronic check,87.05,762.1,Yes
3855-ONCAR,Female,0,Yes,Yes,4,Yes,No,Fiber optic,No,No,No,No,Yes,No,Month-to-month,Yes,Mailed check,78.9,299.75,No
1564-NTYXF,Female,1,No,No,13,Yes,Yes,Fiber optic,No,No,No,No,No,Yes,Month-to-month,Yes,Electronic check,82,1127.2,Yes
4747-LCAQL,Male,0,No,No,25,Yes,No,DSL,Yes,Yes,No,Yes,Yes,Yes,Month-to-month,Yes,Mailed check,79,1902,No
0487-VVUVK,Male,0,Yes,Yes,25,Yes,No,No,No internet service,No internet service,No internet service,No internet service,No internet service,No internet service,Month-to-month,Yes,Mailed check,19.15,477.6,No
1453-RZFON,Female,0,No,Yes,1,Yes,No,DSL,Yes,No,No,No,No,No,Month-to-month,No,Mailed check,49.9,49.9,No
3635-QQRQD,Male,0,No,No,62,Yes,No,No,No internet service,No internet service,No internet service,No internet service,No internet service,No internet service,Two year,Yes,Credit card (automatic),20.05,1201.65,No
5583-EJXRD,Male,0,Yes,Yes,44,No,No phone service,DSL,Yes,Yes,Yes,Yes,No,Yes,Two year,Yes,Credit card (automatic),54.05,2375.2,No
2683-BPJSO,Male,0,Yes,No,29,Yes,Yes,Fiber optic,Yes,Yes,No,No,No,No,Month-to-month,Yes,Electronic check,84.45,2467.1,Yes
7634-WSWDB,Female,0,No,Yes,8,No,No phone service,DSL,Yes,No,No,No,No,Yes,Month-to-month,Yes,Electronic check,38.5,330.8,No
3096-WPXBT,Female,0,Yes,Yes,61,Yes,Yes,Fiber optic,Yes,Yes,Yes,No,No,Yes,One year,Yes,Credit card (automatic),100.7,6018.65,No
1174-FGIFN,Female,0,Yes,Yes,28,Yes,Yes,Fiber optic,No,No,No,Yes,No,Yes,One year,Yes,Electronic check,90.45,2509.25,No
2123-VSCOT,Female,0,Yes,Yes,59,Yes,Yes,DSL,No,No,Yes,Yes,Yes,No,Two year,Yes,Bank transfer (automatic),72.1,4194.85,No
4188-PCPIG,Female,0,Yes,No,57,Yes,No,DSL,Yes,Yes,No,Yes,Yes,No,Two year,Yes,Credit card (automatic),70.35,4124.65,No
2988-QRAJY,Male,0,No,No,69,Yes,Yes,Fiber optic,Yes,Yes,Yes,No,Yes,Yes,Two year,Yes,Credit card (automatic),110.05,7430.75,No
6786-OBWQR,Female,0,Yes,Yes,5,Yes,No,Fiber optic,No,No,No,No,Yes,No,Month-to-month,Yes,Electronic check,80.85,356.1,No
8161-QYMTT,Male,0,No,No,7,Yes,Yes,Fiber optic,No,No,No,No,Yes,Yes,Month-to-month,Yes,Electronic check,94.1,701.3,No
0295-QVKPB,Male,0,No,No,5,Yes,No,DSL,No,No,Yes,Yes,Yes,No,Month-to-month,Yes,Credit card (automatic),63.95,318.1,No
2520-SGTTA,Female,0,Yes,Yes,0,Yes,No,No,No internet service,No internet service,No internet service,No internet service,No internet service,No internet service,Two year,No,Mailed check,20,NA,No
6993-YCOBK,Male,0,Yes,Yes,60,Yes,Yes,Fiber optic,Yes,No,Yes,Yes,Yes,Yes,Two year,Yes,Electronic check,110.6,6586.85,No
4291-SHSBH,Male,0,No,No,7,Yes,No,Fiber optic,No,No,No,No,No,No,Month-to-month,Yes,Electronic check,69.55,521.35,No
7811-JIVPF,Female,0,No,No,23,Yes,No,DSL,No,No,Yes,No,No,No,Month-to-month,No,Credit card (automatic),49.7,1081.25,No
2333-KWEWW,Male,0,No,No,18,Yes,No,No,No internet service,No internet service,No internet service,No internet service,No internet service,No internet service,Two year,No,Credit card (automatic),20.05,388.6,No
3506-LCJDC,Male,0,Yes,Yes,1,Yes,No,No,No internet service,No internet service,No internet service,No internet service,No internet service,No internet service,Month-to-month,No,Bank transfer (automatic),19.95,19.95,Yes
5174-RNGBH,Female,0,No,No,9,Yes,No,DSL,No,Yes,No,Yes,Yes,No,Month-to-month,No,Mailed check,66.25,620.55,Yes
3776-EKTKM,Female,1,No,No,1,No,No phone service,DSL,No,No,No,No,Yes,No,Month-to-month,Yes,Electronic check,36.45,36.45,Yes
9348-ROUAI,Female,0,Yes,Yes,59,Yes,Yes,DSL,Yes,Yes,Yes,Yes,Yes,Yes,Two year,No,Credit card (automatic),90.3,5194.05,No
8189-XRIKE,Female,1,No,No,32,Yes,No,Fiber optic,No,No,No,No,Yes,Yes,Month-to-month,No,Electronic check,90.95,2897.95,No
8543-MSDMF,Male,0,No,No,3,Yes,No,DSL,Yes,No,Yes,No,Yes,Yes,Month-to-month,Yes,Electronic check,77.4,206.15,No
4223-WOZCM,Male,1,No,No,2,Yes,No,DSL,No,No,Yes,No,No,No,Month-to-month,No,Mailed check,49.95,107.1,No
5117-ZSMHQ,Female,0,Yes,Yes,71,Yes,Yes,DSL,Yes,Yes,Yes,Yes,Yes,Yes,Two year,No,Bank transfer (automatic),89.9,6342.7,No
0048-LUMLS,Male,0,Yes,Yes,37,Yes,No,Fiber optic,No,No,No,No,Yes,Yes,One year,No,Credit card (automatic),91.2,3247.55,No
9578-VRMNM,Female,0,No,No,16,Yes,Yes,DSL,No,No,Yes,No,No,Yes,Month-to-month,Yes,Credit card (automatic),65.2,1043.35,Yes
2192-OZITF,Female,0,No,No,45,Yes,Yes,DSL,Yes,No,No,Yes,No,Yes,Two year,No,Mailed check,73.55,3349.1,No
9430-NKQLY,Male,0,Yes,Yes,72,Yes,Yes,No,No internet service,No internet service,No internet service,No internet service,No internet service,No internet service,Two year,Yes,Credit card (automatic),25.1,1790.8,No
5844-QVTAT,Female,0,Yes,Yes,33,Yes,No,DSL,Yes,Yes,Yes,No,No,No,One year,Yes,Mailed check,58.45,1955.4,No
0565-IYCGT,Male,0,No,No,69,Yes,Yes,DSL,Yes,Yes,Yes,Yes,No,Yes,One year,Yes,Credit card (automatic),78.6,5356.45,Yes
5923-GXUOC,Male,0,No,No,10,Yes,No,Fiber optic,Yes,Yes,Yes,No,Yes,Yes,Month-to-month,Yes,Electronic check,104.4,1081.45,Yes
3194-ORPIK,Female,0,Yes,Yes,50,Yes,Yes,Fiber optic,No,No,No,No,Yes,No,Month-to-month,Yes,Bank transfer (automatic),84.4,4116.15,Yes
2194-IIQOF,Female,0,Yes,No,71,Yes,Yes,DSL,Yes,Yes,Yes,Yes,Yes,Yes,Two year,No,Credit card (automatic),89.3,6388.65,No
5724-BIDBU,Male,0,Yes,No,49,Yes,Yes,DSL,Yes,No,No,No,No,No,One year,Yes,Electronic check,55.35,2633.95,No
7639-LIAYI,Male,0,No,No,52,Yes,Yes,DSL,Yes,No,No,Yes,Yes,Yes,Two year,Yes,Credit card (automatic),79.75,4217.8,No
3402-XRIUO,Female,1,Yes,No,22,Yes,Yes,DSL,Yes,Yes,No,Yes,No,No,Month-to-month,Yes,Mailed check,63.55,1381.8,No
7064-JHXCE,Male,0,Yes,Yes,62,Yes,No,No,No internet service,No internet service,No internet service,No internet service,No internet service,No internet service,Two year,No,Credit card (automatic),20.05,1263.9,No
5442-UTCVD,Male,0,No,Yes,3,Yes,Yes,Fiber optic,No,No,Yes,No,No,Yes,Month-to-month,No,Electronic check,91.85,257.05,Yes
3683-QKIUE,Female,0,No,No,6,Yes,No,DSL,No,No,No,Yes,No,No,Month-to-month,Yes,Bank transfer (automatic),50.8,288.05,Yes
8429-XIBUM,Male,0,No,No,22,Yes,Yes,Fiber optic,Yes,No,No,No,Yes,Yes,Month-to-month,Yes,Bank transfer (automatic),101.35,2317.1,Yes
2429-AYKKO,Male,0,No,No,72,Yes,No,No,No internet service,No internet service,No internet service,No internet service,No internet service,No internet service,Two year,No,Bank transfer (automatic),19.85,1434.1,No
5630-AHZIL,Female,0,No,Yes,3,Yes,No,DSL,Yes,No,No,Yes,No,Yes,Month-to-month,Yes,Bank transfer (automatic),64.5,177.4,No
2863-IMQDR,Female,0,No,No,61,Yes,Yes,DSL,Yes,Yes,Yes,Yes,Yes,Yes,Two year,No,Electronic check,89.65,5308.7,No
9274-UARKJ,Female,0,No,No,15,Yes,No,Fiber optic,No,Yes,No,No,Yes,No,Month-to-month,Yes,Bank transfer (automatic),83.2,1130,No
0795-XCCTE,Male,1,No,No,72,Yes,Yes,No,No internet service,No internet service,No internet service,No internet service,No internet service,No internet service,Two year,No,Bank transfer (automatic),25.4,1809.35,No
4923-ADWXJ,Female,0,No,No,25,Yes,No,DSL,No,Yes,No,Yes,No,Yes,Month-to-month,Yes,Bank transfer (automatic),65.8,1679.65,No
1496-GGSUK,Female,1,No,No,1,No,No phone service,DSL,No,No,No,No,No,No,Month-to-month,Yes,Mailed check,25.7,25.7,Yes
0602-DDUML,Female,0,No,No,57,Yes,No,DSL,No,Yes,Yes,Yes,Yes,No,Two year,No,Mailed check,69.75,3894.4,No
3594-IVHJZ,Female,0,No,No,2,Yes,No,No,No internet service,No internet service,No internet service,No internet service,No internet service,No internet service,Month-to-month,Yes,Mailed check,20.45,42.45,No
8226-BXGES,Male,0,Yes,No,64,Yes,Yes,Fiber optic,Yes,Yes,Yes,No,No,No,One year,No,Bank transfer (automatic),89.45,5692.65,No
0096-FCPUF,Male,0,No,No,30,Yes,Yes,DSL,Yes,No,No,No,No,Yes,Month-to-month,Yes,Mailed check,64.5,1888.45,No
9095-HFAFX,Female,0,No,No,5,Yes,No,Fiber optic,No,No,No,No,Yes,No,Month-to-month,Yes,Credit card (automatic),81,389.6,Yes
6253-GNHWH,Female,0,Yes,Yes,71,Yes,Yes,DSL,Yes,Yes,Yes,Yes,No,No,Two year,No,Mailed check,71.1,5224.95,No
0625-AFOHS,Female,0,Yes,Yes,29,Yes,No,No,No internet service,No internet service,No internet service,No internet service,No internet service,No internet service,Two year,No,Mailed check,20.2,558.8,No
4123-FCVCB,Female,0,No,No,12,Yes,Yes,DSL,No,No,No,Yes,Yes,Yes,One year,Yes,Mailed check,75.85,854.45,No
4063-EIKNQ,Male,0,Yes,Yes,11,Yes,No,No,No internet service,No internet service,No internet service,No internet service,No internet service,No internet service,Month-to-month,No,Bank transfer (automatic),20.95,267.35,No
9850-OWRHQ,Female,0,Yes,No,3,Yes,Yes,Fiber optic,No,No,No,No,No,No,Month-to-month,Yes,Credit card (automatic),74.1,228,Yes
0030-FNXPP,Female,0,No,No,3,Yes,No,No,No internet service,No internet service,No internet service,No internet service,No internet service,No internet service,Month-to-month,No,Mailed check,19.85,57.2,No
2363-BJLSL,Male,0,No,No,62,Yes,No,DSL,No,Yes,Yes,Yes,Yes,Yes,Month-to-month,Yes,Bank transfer (automatic),80.4,4981.15,No
6661-HBGWL,Female,1,No,No,42,Yes,Yes,Fiber optic,No,Yes,Yes,No,Yes,Yes,Month-to-month,Yes,Bank transfer (automatic),104.75,4323.45,Yes
2691-NZETQ,Male,0,No,No,9,Yes,Yes,Fiber optic,No,No,No,No,Yes,No,Month-to-month,Yes,Electronic check,85.35,758.6,Yes
3154-HMWUU,Male,0,Yes,No,60,Yes,No,No,No internet service,No internet service,No internet service,No internet service,No internet service,No internet service,Two year,Yes,Bank transfer (automatic),20.5,1198.8,No
1116-FRYVH,Female,0,Yes,Yes,48,No,No phone service,DSL,Yes,Yes,No,Yes,No,No,Two year,No,Mailed check,39.4,1978.65,No
4521-YEEHE,Female,0,Yes,No,18,Yes,Yes,Fiber optic,No,No,No,Yes,Yes,No,Month-to-month,Yes,Electronic check,88.85,1594.75,No
4607-CHPCA,Male,0,Yes,Yes,25,Yes,No,Fiber optic,No,No,No,No,Yes,Yes,One year,Yes,Electronic check,90.4,2178.6,Yes
1891-QRQSA,Male,1,Yes,Yes,64,Yes,Yes,Fiber optic,Yes,No,Yes,Yes,Yes,Yes,Two year,Yes,Bank transfer (automatic),111.6,7099,No
5014-WUQMG,Male,0,Yes,Yes,47,Yes,No,Fiber optic,Yes,Yes,Yes,No,No,Yes,One year,Yes,Electronic check,96.1,4391.45,No
8020-BWHYL,Female,1,No,No,15,Yes,No,Fiber optic,No,Yes,No,No,No,No,Month-to-month,Yes,Credit card (automatic),75.3,1147.45,Yes
8670-MEFCP,Female,0,Yes,Yes,36,Yes,Yes,DSL,Yes,Yes,Yes,Yes,Yes,Yes,Two year,Yes,Credit card (automatic),92.9,3379.25,No
3812-LRZIR,Female,0,Yes,Yes,27,Yes,Yes,No,No internet service,No internet service,No internet service,No internet service,No internet service,No internet service,Two year,No,Electronic check,24.5,761.95,No
5671-UUNXD,Female,1,Yes,No,50,Yes,Yes,Fiber optic,No,No,No,Yes,Yes,Yes,One year,Yes,Electronic check,100.65,5189.75,No
7794-JASDG,Male,0,No,No,1,Yes,No,DSL,Yes,No,No,No,No,No,Month-to-month,Yes,Mailed check,50.75,50.75,No
7096-ZNBZI,Female,0,Yes,No,72,Yes,Yes,No,No internet service,No internet service,No internet service,No internet service,No internet service,No internet service,Two year,No,Credit card (automatic),26.45,1914.5,No
7079-QRCBC,Female,0,No,No,24,Yes,Yes,Fiber optic,No,No,Yes,No,Yes,Yes,Month-to-month,Yes,Electronic check,98.75,2407.3,Yes
5312-IRCFR,Female,0,Yes,Yes,64,Yes,Yes,Fiber optic,No,Yes,Yes,No,No,Yes,One year,Yes,Electronic check,92.85,5980.75,No
3007-FDPEA,Female,0,No,No,2,Yes,No,No,No internet service,No internet service,No internet service,No internet service,No internet service,No internet service,Month-to-month,Yes,Bank transfer (automatic),20.7,39.85,No
7326-RIGQZ,Male,0,Yes,Yes,6,Yes,No,Fiber optic,No,No,No,No,No,No,Month-to-month,Yes,Electronic check,69.8,377.85,No
7250-EQKIY,Female,0,Yes,Yes,1,Yes,No,DSL,No,No,Yes,No,No,No,Month-to-month,No,Mailed check,50.45,50.45,Yes
3320-VEOYC,Male,1,No,No,14,Yes,Yes,Fiber optic,No,No,No,No,Yes,Yes,Month-to-month,Yes,Electronic check,95.6,1273.3,No
8920-NAVAY,Male,1,No,No,62,Yes,Yes,Fiber optic,No,Yes,Yes,Yes,Yes,Yes,One year,Yes,Bank transfer (automatic),110.75,7053.35,No
0550-DCXLH,Male,0,No,No,13,Yes,No,DSL,No,Yes,No,Yes,Yes,Yes,Month-to-month,No,Mailed check,73.35,931.55,No
2391-SOORI,Male,0,No,Yes,4,Yes,No,DSL,Yes,No,No,No,No,No,Month-to-month,No,Electronic check,49.35,219.65,Yes
7739-LAXOG,Female,0,Yes,Yes,32,Yes,Yes,Fiber optic,No,No,Yes,No,No,Yes,Month-to-month,Yes,Bank transfer (automatic),91.05,2954.5,Yes
2074-GKOWZ,Male,0,Yes,Yes,2,Yes,No,Fiber optic,No,No,No,No,Yes,Yes,Month-to-month,Yes,Bank transfer (automatic),89.55,185.55,Yes
7579-KKLOE,Male,0,Yes,Yes,71,Yes,Yes,DSL,Yes,Yes,Yes,Yes,Yes,Yes,Two year,Yes,Mailed check,91.25,6589.6,No
1166-PQLGG,Female,0,Yes,Yes,72,Yes,No,No,No internet service,No internet service,No internet service,No internet service,No internet service,No internet service,Two year,No,Bank transfer (automatic),19.55,1463.45,No
3807-BPOMJ,Female,0,Yes,No,55,Yes,No,Fiber optic,Yes,No,No,No,Yes,Yes,One year,Yes,Electronic check,94.75,5276.1,No
1522-VVDMG,Male,0,Yes,Yes,7,Yes,No,Fiber optic,No,Yes,No,Yes,Yes,No,Month-to-month,Yes,Electronic check,89.75,608.8,Yes
7302-ZHMHP,Female,0,No,No,1,Yes,No,No,No internet service,No internet service,No internet service,No internet service,No internet service,No internet service,Month-to-month,No,Mailed check,19.15,19.15,No
7979-CORPM,Male,0,No,No,24,Yes,Yes,Fiber optic,No,Yes,No,No,Yes,No,Month-to-month,Yes,Credit card (automatic),90.55,2282.55,Yes
9788-HNGUT,Male,0,Yes,No,72,Yes,Yes,Fiber optic,Yes,Yes,Yes,Yes,Yes,Yes,Two year,Yes,Credit card (automatic),116.95,8594.4,No
2169-RRLFW,Female,0,Yes,No,71,Yes,Yes,No,No internet service,No internet service,No internet service,No internet service,No internet service,No internet service,Two year,No,Credit card (automatic),25.6,1888.25,No
1353-GHZOS,Male,0,Yes,No,22,Yes,No,DSL,Yes,No,No,No,Yes,No,One year,Yes,Bank transfer (automatic),59.75,1374.35,No
6281-FKEWS,Female,0,No,No,44,No,No phone service,DSL,No,No,Yes,No,Yes,Yes,One year,Yes,Electronic check,49.05,2265,No
4316-XCSLJ,Male,0,No,Yes,17,Yes,No,DSL,Yes,No,No,No,No,No,Month-to-month,Yes,Mailed check,50.3,846.8,No
6625-UTXEW,Female,0,Yes,No,12,Yes,No,DSL,No,Yes,No,No,No,No,Month-to-month,Yes,Electronic check,51.25,612.1,No
8709-KRDVL,Female,0,No,No,33,Yes,Yes,Fiber optic,No,Yes,No,No,Yes,Yes,Month-to-month,Yes,Electronic check,100,3320.6,No
8067-NIOYM,Female,0,Yes,Yes,24,Yes,No,No,No internet service,No internet service,No internet service,No internet service,No internet service,No internet service,Two year,Yes,Credit card (automatic),21.1,490.65,No
3551-HUAZH,Male,1,No,No,1,Yes,Yes,Fiber optic,No,No,No,No,No,No,Month-to-month,Yes,Electronic check,74.4,74.4,Yes
0396-HUJBP,Female,0,No,No,2,Yes,No,No,No internet service,No internet service,No internet service,No internet service,No internet service,No internet service,Month-to-month,No,Mailed check,19.3,44.4,No
6630-UJZMY,Female,1,Yes,No,4,Yes,Yes,Fiber optic,No,No,No,No,Yes,No,Month-to-month,Yes,Electronic check,83.25,308.05,No
7129-CAKJW,Female,0,No,No,17,Yes,Yes,Fiber optic,No,No,Yes,No,No,No,Month-to-month,No,Bank transfer (automatic),80.05,1345.65,No
3489-HHPFY,Female,0,Yes,No,2,Yes,Yes,Fiber optic,No,No,No,No,Yes,No,Month-to-month,Yes,Electronic check,84.05,134.05,No
9967-ATRFS,Female,0,No,No,19,Yes,No,No,No internet service,No internet service,No internet service,No internet service,No internet service,No internet service,Month-to-month,No,Mailed check,19.9,367.55,No
0516-WJVXC,Female,0,No,No,5,Yes,No,DSL,Yes,No,No,Yes,No,No,Month-to-month,No,Electronic check,54.2,308.25,Yes
4815-TUMEQ,Female,0,No,No,10,Yes,No,No,No internet service,No internet service,No internet service,No internet service,No internet service,No internet service,One year,Yes,Mailed check,19.3,185.2,No
2495-INZWQ,Male,0,No,No,4,No,No phone service,DSL,No,No,No,No,Yes,Yes,Month-to-month,Yes,Electronic check,44.55,174.3,Yes
4717-GHADL,Female,0,No,No,50,Yes,Yes,DSL,No,Yes,No,Yes,Yes,Yes,Two year,Yes,Mailed check,79.6,4024.2,No
3466-RITXD,Male,0,No,No,26,Yes,Yes,Fiber optic,Yes,Yes,No,No,Yes,No,Month-to-month,Yes,Credit card (automatic),92.4,2349.8,No
6344-SFJVH,Female,0,No,No,20,No,No phone service,DSL,No,No,No,No,No,No,Month-to-month,No,Credit card (automatic),24.9,505.95,No
3644-QXEHN,Male,0,Yes,Yes,13,Yes,No,Fiber optic,No,No,Yes,No,Yes,Yes,Month-to-month,No,Electronic check,97,1334.45,No
3488-PGMQJ,Male,1,No,No,8,Yes,No,Fiber optic,No,Yes,No,No,No,No,Month-to-month,Yes,Electronic check,74.5,606.55,Yes
2302-OUZXB,Male,0,Yes,No,72,Yes,Yes,DSL,No,Yes,Yes,No,Yes,Yes,Two year,No,Bank transfer (automatic),82.15,5784.3,No
0298-XACET,Male,0,Yes,Yes,52,No,No phone service,DSL,No,Yes,Yes,Yes,Yes,No,Two year,No,Mailed check,50.2,2554,No
3186-BAXNB,Female,0,No,No,1,Yes,No,Fiber optic,No,Yes,No,Yes,Yes,No,Month-to-month,No,Electronic check,91.7,91.7,Yes
0004-TLHLJ,Male,0,No,No,4,Yes,No,Fiber optic,No,No,Yes,No,No,No,Month-to-month,Yes,Electronic check,73.9,280.85,Yes
0412-UCCNP,Male,0,No,No,55,Yes,No,DSL,Yes,No,Yes,Yes,No,No,Two year,Yes,Electronic check,59.2,3175.85,No
0203-HHYIJ,Male,0,No,No,25,Yes,Yes,No,No internet service,No internet service,No internet service,No internet service,No internet service,No internet service,One year,No,Bank transfer (automatic),25.3,676.35,Yes
1485-YDHMM,Male,0,Yes,Yes,52,Yes,Yes,Fiber optic,No,Yes,No,Yes,No,Yes,Month-to-month,Yes,Bank transfer (automatic),93.25,4631.7,No
6357-JJPQT,Female,0,No,No,3,Yes,No,Fiber optic,No,No,No,No,Yes,No,Month-to-month,Yes,Electronic check,80.5,232.35,No
6581-NQCBA,Female,0,Yes,No,16,No,No phone service,DSL,No,No,No,Yes,Yes,Yes,Month-to-month,Yes,Electronic check,49.95,810.2,Yes
8947-YRTDV,Male,0,Yes,Yes,32,Yes,No,Fiber optic,Yes,Yes,Yes,No,No,Yes,One year,No,Mailed check,94.8,3131.55,No
9831-BPFRI,Female,0,Yes,Yes,39,Yes,Yes,Fiber optic,No,Yes,Yes,Yes,No,No,One year,Yes,Electronic check,89.55,3474.45,Yes
0410-IPFTY,Female,0,Yes,No,31,Yes,No,Fiber optic,No,Yes,No,No,No,Yes,Month-to-month,Yes,Bank transfer (automatic),83.85,2674.15,No
4092-OFQZS,Male,0,Yes,No,20,Yes,No,No,No internet service,No internet service,No internet service,No internet service,No internet service,No internet service,One year,No,Mailed check,20.65,417.5,No
1480-IVEVR,Male,1,Yes,No,35,Yes,Yes,Fiber optic,No,No,Yes,No,No,No,One year,Yes,Bank transfer (automatic),81.6,2815.25,No
2466-FCCPT,Female,0,Yes,Yes,20,Yes,No,No,No internet service,No internet service,No internet service,No internet service,No internet service,No internet service,One year,No,Bank transfer (automatic),19.7,395.6,No
9959-WOFKT,Male,0,No,Yes,71,Yes,Yes,Fiber optic,Yes,No,Yes,No,Yes,Yes,Two year,No,Bank transfer (automatic),106.7,7382.25,No
6047-YHPVI,Male,0,No,No,5,Yes,No,Fiber optic,No,No,No,No,No,No,Month-to-month,Yes,Electronic check,69.7,316.9,Yes
5795-BKOYE,Female,0,Yes,Yes,69,Yes,No,DSL,No,Yes,Yes,Yes,No,No,One year,No,Bank transfer (automatic),59.1,4134.7,No
8807-OPMBM,Female,0,Yes,Yes,55,Yes,Yes,No,No internet service,No internet service,No internet service,No internet service,No internet service,No internet service,Two year,Yes,Credit card (automatic),25.65,1388,No
4295-YURET,Female,1,Yes,Yes,56,Yes,No,DSL,Yes,No,No,Yes,Yes,Yes,Two year,Yes,Credit card (automatic),72.6,4084.35,No
4550-EVXNY,Female,0,No,Yes,1,Yes,No,Fiber optic,No,No,No,No,No,No,Month-to-month,Yes,Electronic check,69.65,69.65,Yes
6141-OOXUQ,Male,0,No,No,1,Yes,No,No,No internet service,No internet service,No internet service,No internet service,No internet service,No internet service,Month-to-month,No,Mailed check,19.65,19.65,Yes
1304-BCCFO,Male,0,Yes,No,9,Yes,No,DSL,No,No,Yes,No,Yes,Yes,Month-to-month,Yes,Mailed check,70.05,564.4,No
4700-UBQMV,Male,0,Yes,Yes,21,Yes,Yes,DSL,Yes,No,No,No,Yes,Yes,One year,Yes,Bank transfer (automatic),75.9,1549.75,No
2888-ADFAO,Female,0,Yes,Yes,47,Yes,No,No,No internet service,No internet service,No internet service,No internet service,No internet service,No internet service,Two year,Yes,Bank transfer (automatic),21.3,1041.8,No
4452-ROHMO,Female,0,No,No,15,Yes,No,No,No internet service,No internet service,No internet service,No internet service,No internet service,No internet service,Two year,No,Mailed check,19.6,331.6,No
7398-HPYZQ,Male,0,Yes,No,71,Yes,Yes,DSL,Yes,Yes,Yes,Yes,Yes,Yes,Two year,No,Bank transfer (automatic),90.55,6404,No
7566-DSRLQ,Female,0,Yes,No,72,Yes,Yes,Fiber optic,No,Yes,Yes,Yes,Yes,Yes,Two year,Yes,Electronic check,110.15,7998.8,No
1768-HNVGJ,Female,1,No,No,45,Yes,Yes,DSL,Yes,No,No,Yes,No,Yes,Month-to-month,Yes,Electronic check,70.05,3062.45,No
6464-KEXXH,Male,0,No,No,8,No,No phone service,DSL,No,No,No,No,No,No,Month-to-month,Yes,Credit card (automatic),25.25,186.3,No
5862-BRIXZ,Male,0,No,No,46,No,No phone service,DSL,Yes,No,Yes,Yes,Yes,Yes,Two year,Yes,Bank transfer (automatic),60.75,2893.4,No
4672-FOTSD,Male,0,No,No,12,Yes,Yes,DSL,Yes,Yes,No,Yes,No,No,Month-to-month,Yes,Electronic check,67.25,832.3,No
5569-KGJHX,Female,0,Yes,Yes,9,Yes,Yes,Fiber optic,No,No,No,No,Yes,No,Month-to-month,Yes,Bank transfer (automatic),85.35,754.65,Yes
4534-WGCIR,Female,0,Yes,Yes,58,Yes,Yes,No,No internet service,No internet service,No internet service,No internet service,No internet service,No internet service,Two year,No,Credit card (automatic),25.15,1509.9,No
2001-MCUUW,Male,0,No,No,46,Yes,Yes,Fiber optic,No,Yes,Yes,Yes,Yes,Yes,Two year,No,Electronic check,108.65,4903.2,No
7147-AYBAA,Male,0,No,No,37,Yes,No,Fiber optic,No,No,No,No,No,No,Month-to-month,Yes,Mailed check,70.35,2552.9,No
2468-SJFLM,Male,0,No,No,1,Yes,No,Fiber optic,No,No,No,Yes,No,No,Month-to-month,Yes,Mailed check,74.3,74.3,No
6408-WHTEF,Male,0,Yes,Yes,72,Yes,Yes,DSL,Yes,Yes,Yes,Yes,Yes,Yes,Two year,Yes,Mailed check,89.4,6376.55,No
9057-SIHCH,Female,0,No,No,3,Yes,Yes,Fiber optic,No,No,No,No,Yes,Yes,Month-to-month,Yes,Electronic check,96.6,291.9,Yes
8108-UXRQN,Female,0,Yes,Yes,11,No,No phone service,DSL,Yes,No,No,No,Yes,Yes,Month-to-month,No,Electronic check,50.55,565.35,No
5148-HKFIR,Female,0,No,No,20,Yes,No,No,No internet service,No internet service,No internet service,No internet service,No internet service,No internet service,Two year,No,Mailed check,19.7,406.95,No
6419-ZTTLE,Male,1,Yes,No,23,Yes,No,No,No internet service,No internet service,No internet service,No internet service,No internet service,No internet service,One year,Yes,Electronic check,20.75,485.2,No
8402-OOOHJ,Female,0,No,No,41,Yes,No,No,No internet service,No internet service,No internet service,No internet service,No internet service,No internet service,Two year,No,Mailed check,20.65,835.15,No
0455-ENTCR,Male,0,Yes,No,66,Yes,Yes,DSL,Yes,Yes,No,Yes,Yes,Yes,Two year,No,Electronic check,85.25,5538.35,No
9381-NDKME,Female,1,Yes,No,24,No,No phone service,DSL,No,No,Yes,No,No,Yes,Month-to-month,Yes,Credit card (automatic),40.65,933.3,Yes
9945-PSVIP,Female,0,Yes,Yes,25,Yes,No,No,No internet service,No internet service,No internet service,No internet service,No internet service,No internet service,Two year,Yes,Mailed check,18.7,383.65,No
3729-OWRVL,Male,1,No,No,65,Yes,Yes,Fiber optic,Yes,No,Yes,Yes,Yes,Yes,Two year,Yes,Electronic check,110.35,7246.15,No
3976-HXHCE,Male,0,No,No,72,Yes,No,No,No internet service,No internet service,No internet service,No internet service,No internet service,No internet service,Two year,No,Bank transfer (automatic),19.3,1414.8,No
6549-BTYPG,Female,0,Yes,No,60,No,No phone service,DSL,No,Yes,Yes,Yes,Yes,Yes,Two year,No,Credit card (automatic),60.8,3603.45,No
7054-LGEQW,Female,0,No,No,1,Yes,No,DSL,No,No,No,No,No,No,Month-to-month,No,Mailed check,45.95,45.95,Yes
1589-AGTLK,Male,0,No,No,3,Yes,No,DSL,No,No,No,No,No,No,Month-to-month,Yes,Electronic check,45.35,141.5,Yes
5954-BDFSG,Female,0,No,No,72,Yes,Yes,Fiber optic,No,No,Yes,Yes,Yes,Yes,Two year,Yes,Credit card (automatic),107.5,7853.7,No
5296-PSYVW,Female,0,Yes,No,72,Yes,Yes,No,No internet service,No internet service,No internet service,No internet service,No internet service,No internet service,Two year,No,Electronic check,24.55,1750.7,No
6869-FGJJC,Male,0,No,No,68,Yes,No,Fiber optic,No,Yes,Yes,No,No,No,One year,No,Credit card (automatic),79.6,5461.45,No
4311-QTTAI,Female,0,No,No,16,Yes,No,No,No internet service,No internet service,No internet service,No internet service,No internet service,No internet service,One year,No,Credit card (automatic),19.35,295.55,No
7717-BICXI,Male,0,Yes,Yes,60,Yes,No,No,No internet service,No internet service,No internet service,No internet service,No internet service,No internet service,Two year,No,Mailed check,20.55,1205.05,No
7480-SPLEF,Male,0,Yes,Yes,69,Yes,Yes,No,No internet service,No internet service,No internet service,No internet service,No internet service,No internet service,Two year,Yes,Bank transfer (automatic),26,1796.55,No
7547-EKNFS,Male,0,Yes,No,42,Yes,Yes,Fiber optic,No,Yes,Yes,No,Yes,No,Month-to-month,Yes,Bank transfer (automatic),95.25,3959.35,Yes
2810-FTLEM,Female,0,No,No,16,Yes,No,DSL,Yes,No,No,No,No,No,Month-to-month,Yes,Electronic check,50.15,762.25,Yes
4851-BQDNX,Male,0,Yes,Yes,40,Yes,No,Fiber optic,No,No,Yes,No,Yes,No,One year,Yes,Electronic check,85.05,3355.65,No
0191-ZHSKZ,Male,1,No,No,30,Yes,No,DSL,Yes,Yes,No,No,Yes,Yes,Month-to-month,Yes,Electronic check,74.75,2111.3,No
8058-INTPH,Female,0,No,No,1,Yes,No,Fiber optic,No,No,No,No,Yes,No,Month-to-month,Yes,Electronic check,79.65,79.65,Yes
1171-TYKUR,Male,0,Yes,No,47,Yes,Yes,No,No internet service,No internet service,No internet service,No internet service,No internet service,No internet service,Month-to-month,No,Electronic check,25.4,1139.2,No
8707-HOEDG,Female,0,Yes,Yes,70,Yes,Yes,Fiber optic,No,Yes,Yes,Yes,Yes,Yes,Two year,Yes,Electronic check,110.2,7689.8,No
0447-BEMNG,Female,0,Yes,No,48,No,No phone service,DSL,Yes,No,Yes,No,No,Yes,Month-to-month,Yes,Bank transfer (automatic),45.3,2145,Yes
3329-WDIOK,Female,0,No,No,3,No,No phone service,DSL,No,Yes,No,No,Yes,Yes,Month-to-month,Yes,Electronic check,50.6,155.35,Yes
5243-SAOTC,Male,0,No,No,54,Yes,Yes,Fiber optic,No,Yes,No,No,No,No,Month-to-month,Yes,Bank transfer (automatic),79.85,4308.25,No
2239-CFOUJ,Male,0,Yes,Yes,1,Yes,No,No,No internet service,No internet service,No internet service,No internet service,No internet service,No internet service,One year,No,Mailed check,20.4,20.4,No
2612-PHGOX,Male,0,Yes,No,64,Yes,Yes,DSL,No,Yes,Yes,Yes,Yes,No,Two year,Yes,Bank transfer (automatic),76.1,4818.8,No
2024-BASKD,Female,0,No,No,1,Yes,No,Fiber optic,No,No,Yes,No,No,No,Month-to-month,Yes,Mailed check,74.6,74.6,Yes
3915-ODIYG,Male,1,No,No,60,Yes,Yes,DSL,Yes,Yes,No,No,No,Yes,One year,Yes,Electronic check,71.75,4374.55,No
6695-AMZUF,Female,0,Yes,No,70,Yes,No,DSL,Yes,Yes,Yes,Yes,Yes,Yes,Two year,No,Credit card (automatic),86.45,5950.2,No
5197-YPYBZ,Female,0,Yes,Yes,12,Yes,Yes,No,No internet service,No internet service,No internet service,No internet service,No internet service,No internet service,Two year,No,Credit card (automatic),25.25,274.7,No
6877-TJMBR,Male,0,Yes,No,1,Yes,No,Fiber optic,No,No,No,Yes,Yes,No,Month-to-month,Yes,Electronic check,84.8,84.8,Yes
2026-TGDHM,Female,0,No,No,7,Yes,No,Fiber optic,No,No,No,No,No,Yes,Month-to-month,Yes,Electronic check,79.3,523.15,Yes
3466-BYAVD,Male,0,Yes,Yes,15,Yes,No,DSL,No,Yes,Yes,Yes,No,Yes,Month-to-month,Yes,Mailed check,69.5,1071.4,No
8181-YHCMF,Female,0,Yes,Yes,68,No,No phone service,DSL,No,Yes,Yes,Yes,Yes,Yes,Two year,No,Credit card (automatic),60.3,4109,No
2187-PKZAY,Male,0,No,No,12,Yes,No,Fiber optic,No,No,No,No,No,Yes,Month-to-month,Yes,Bank transfer (automatic),79.95,1043.4,No
9820-RMCQV,Female,0,No,No,11,Yes,No,DSL,Yes,No,No,No,No,No,Month-to-month,No,Credit card (automatic),48.55,501,Yes
9351-LZYGF,Female,0,Yes,No,42,Yes,Yes,DSL,Yes,Yes,No,Yes,No,No,Month-to-month,Yes,Credit card (automatic),66.4,2727.8,No
3244-CQPHU,Female,1,No,No,72,Yes,Yes,Fiber optic,Yes,Yes,No,Yes,Yes,Yes,Two year,Yes,Bank transfer (automatic),110.1,7746.7,No
8029-XYPWT,Male,1,Yes,No,71,Yes,Yes,Fiber optic,Yes,Yes,Yes,Yes,Yes,Yes,Two year,Yes,Bank transfer (automatic),115.05,8016.6,No
3134-DSHVC,Female,0,No,No,63,Yes,Yes,Fiber optic,Yes,Yes,Yes,No,Yes,No,Two year,No,Credit card (automatic),98,6218.45,No
9659-ZTWSM,Male,1,Yes,No,66,Yes,Yes,Fiber optic,No,Yes,Yes,Yes,Yes,Yes,One year,Yes,Bank transfer (automatic),107.35,7051.95,No
8854-CCVSQ,Male,0,No,No,18,Yes,Yes,Fiber optic,No,Yes,No,No,No,No,Month-to-month,Yes,Electronic check,80.65,1451.9,Yes
5519-YLDGW,Female,0,Yes,No,21,Yes,Yes,Fiber optic,Yes,No,Yes,No,Yes,Yes,Month-to-month,Yes,Electronic check,103.9,2254.2,Yes
4154-AQUGT,Male,1,Yes,No,13,Yes,No,Fiber optic,No,Yes,No,Yes,No,Yes,Month-to-month,Yes,Bank transfer (automatic),89.05,1169.35,Yes
4475-NVTLU,Male,0,Yes,Yes,45,Yes,No,No,No internet service,No internet service,No internet service,No internet service,No internet service,No internet service,Two year,No,Electronic check,19.2,903.7,No
3398-ZOUAA,Male,1,Yes,No,21,Yes,No,Fiber optic,No,No,No,No,No,No,Month-to-month,Yes,Electronic check,69.1,1474.75,Yes
2469-DTSGX,Female,1,No,No,72,Yes,Yes,Fiber optic,No,Yes,Yes,Yes,Yes,Yes,Two year,No,Electronic check,111.65,7943.45,No
6595-YGXIT,Male,1,No,No,25,Yes,Yes,Fiber optic,No,Yes,No,No,Yes,No,Month-to-month,Yes,Electronic check,88.95,2291.2,Yes
3373-DIUUN,Male,0,Yes,Yes,30,Yes,No,No,No internet service,No internet service,No internet service,No internet service,No internet service,No internet service,Two year,No,Mailed check,21.25,711.9,No
5320-BRKGK,Female,0,Yes,Yes,58,Yes,Yes,DSL,Yes,No,Yes,Yes,Yes,No,Two year,No,Mailed check,75.8,4415.75,No
8499-BRXTD,Male,0,No,No,18,Yes,No,No,No internet service,No internet service,No internet service,No internet service,No internet service,No internet service,One year,No,Mailed check,20.1,401.85,No
1506-YJTYT,Male,0,Yes,Yes,45,Yes,Yes,DSL,Yes,Yes,No,Yes,Yes,No,Two year,No,Credit card (automatic),73.85,3371,No
0320-DWVTU,Female,0,No,No,53,Yes,No,Fiber optic,Yes,Yes,Yes,Yes,No,Yes,Two year,No,Mailed check,99.5,5424.25,No
0678-RLHVP,Female,0,No,No,53,Yes,Yes,Fiber optic,No,Yes,Yes,No,Yes,Yes,Two year,No,Electronic check,105.55,5682.25,No
6461-PPAXN,Female,0,Yes,Yes,35,Yes,No,DSL,Yes,No,No,Yes,No,No,One year,Yes,Bank transfer (automatic),54.95,1916,No
6728-VOIFY,Female,0,Yes,No,63,Yes,No,Fiber optic,No,Yes,No,No,Yes,Yes,One year,Yes,Electronic check,96,6109.75,No
2058-DCJBE,Male,0,No,No,5,Yes,No,Fiber optic,No,No,No,No,No,No,Month-to-month,Yes,Electronic check,69.75,324.6,Yes
3410-MHHUM,Female,0,Yes,Yes,44,Yes,Yes,Fiber optic,No,Yes,Yes,No,No,Yes,One year,No,Electronic check,94.4,4295.35,No
8777-MBMTS,Female,1,Yes,No,65,Yes,No,Fiber optic,No,Yes,Yes,Yes,Yes,Yes,Two year,Yes,Credit card (automatic),105.85,6725.5,No
1760-CAZHT,Male,0,No,Yes,25,Yes,No,No,No internet service,No internet service,No internet service,No internet service,No internet service,No internet service,Month-to-month,No,Mailed check,20.8,460.2,No
8902-ZEOVF,Male,0,Yes,Yes,47,Yes,No,No,No internet service,No internet service,No internet service,No internet service,No internet service,No internet service,One year,No,Mailed check,20.05,951.55,No
8242-PDSGJ,Male,0,Yes,No,70,No,No phone service,DSL,Yes,No,Yes,Yes,No,No,Two year,Yes,Credit card (automatic),39.15,2692.75,No
9286-BHDQG,Male,0,Yes,Yes,72,No,No phone service,DSL,Yes,Yes,Yes,Yes,No,No,Two year,No,Credit card (automatic),45.25,3139.8,No
4514-GFCFI,Female,1,No,No,16,Yes,Yes,Fiber optic,No,No,No,No,Yes,No,Month-to-month,Yes,Electronic check,84.75,1350.15,Yes
